-- --------------------------------------------------------
-- 호스트:                          127.0.0.1
-- 서버 버전:                        8.0.25 - MySQL Community Server - GPL
-- 서버 OS:                        Win64
-- HeidiSQL 버전:                  11.3.0.6295
-- --------------------------------------------------------

/*!40101 SET @OLD_CHARACTER_SET_CLIENT=@@CHARACTER_SET_CLIENT */;
/*!40101 SET NAMES utf8 */;
/*!50503 SET NAMES utf8mb4 */;
/*!40014 SET @OLD_FOREIGN_KEY_CHECKS=@@FOREIGN_KEY_CHECKS, FOREIGN_KEY_CHECKS=0 */;
/*!40101 SET @OLD_SQL_MODE=@@SQL_MODE, SQL_MODE='NO_AUTO_VALUE_ON_ZERO' */;
/*!40111 SET @OLD_SQL_NOTES=@@SQL_NOTES, SQL_NOTES=0 */;

-- 테이블 serenity.tb_continent 구조 내보내기
DROP TABLE IF EXISTS `tb_continent`;
CREATE TABLE IF NOT EXISTS `tb_continent` (
  `id` varchar(36) NOT NULL,
  `name` varchar(255) NOT NULL,
  PRIMARY KEY (`id`)
) ENGINE=InnoDB DEFAULT CHARSET=utf8mb4 COLLATE=utf8mb4_0900_ai_ci COMMENT='continent table';

-- 테이블 데이터 serenity.tb_continent:~7 rows (대략적) 내보내기
/*!40000 ALTER TABLE `tb_continent` DISABLE KEYS */;
INSERT INTO `tb_continent` (`id`, `name`) VALUES
	('AF', 'Africa'),
	('AN', 'Antarctica'),
	('AS', 'Asia'),
	('EU', 'Europe'),
	('NA', 'North America'),
	('OC', 'Oceania'),
	('SA', 'South America');
/*!40000 ALTER TABLE `tb_continent` ENABLE KEYS */;

-- 테이블 serenity.tb_country 구조 내보내기
DROP TABLE IF EXISTS `tb_country`;
CREATE TABLE IF NOT EXISTS `tb_country` (
  `id` varchar(36) NOT NULL,
  `name` varchar(255) NOT NULL,
  `continent_id` varchar(32) NOT NULL,
  PRIMARY KEY (`id`)
) ENGINE=InnoDB DEFAULT CHARSET=utf8mb4 COLLATE=utf8mb4_0900_ai_ci COMMENT='country table';

-- 테이블 데이터 serenity.tb_country:~250 rows (대략적) 내보내기
/*!40000 ALTER TABLE `tb_country` DISABLE KEYS */;
INSERT INTO `tb_country` (`id`, `name`, `continent_id`) VALUES
	('AD', 'Andorra, Principality of', 'EU'),
	('AE', 'United Arab Emirates', 'AS'),
	('AF', 'Afghanistan, Islamic Republic of', 'AS'),
	('AG', 'Antigua and Barbuda', 'NA'),
	('AI', 'Anguilla', 'NA'),
	('AL', 'Albania, Republic of', 'EU'),
	('AM', 'Armenia, Republic of', 'EU'),
	('AN', 'Netherlands Antilles', 'NA'),
	('AO', 'Angola, Republic of', 'AF'),
	('AQ', 'Antarctica (the territory South of 60 deg S)', 'AN'),
	('AR', 'Argentina, Argentine Republic', 'SA'),
	('AS', 'American Samoa', 'OC'),
	('AT', 'Austria, Republic of', 'EU'),
	('AU', 'Australia, Commonwealth of', 'OC'),
	('AW', 'Aruba', 'NA'),
	('AX', '?land Islands', 'EU'),
	('AZ', 'Azerbaijan, Republic of', 'EU'),
	('BA', 'Bosnia and Herzegovina', 'EU'),
	('BB', 'Barbados', 'NA'),
	('BD', 'Bangladesh, People\'s Republic of', 'AS'),
	('BE', 'Belgium, Kingdom of', 'EU'),
	('BF', 'Burkina Faso', 'AF'),
	('BG', 'Bulgaria, Republic of', 'EU'),
	('BH', 'Bahrain, Kingdom of', 'AS'),
	('BI', 'Burundi, Republic of', 'AF'),
	('BJ', 'Benin, Republic of', 'AF'),
	('BL', 'Saint Barthelemy', 'NA'),
	('BM', 'Bermuda', 'NA'),
	('BN', 'Brunei Darussalam', 'AS'),
	('BO', 'Bolivia, Republic of', 'SA'),
	('BQ', 'Bonaire, Sint Eustatius and Saba', 'NA'),
	('BR', 'Brazil, Federative Republic of', 'SA'),
	('BS', 'Bahamas, Commonwealth of the', 'NA'),
	('BT', 'Bhutan, Kingdom of', 'AS'),
	('BV', 'Bouvet Island (Bouvetoya)', 'AN'),
	('BW', 'Botswana, Republic of', 'AF'),
	('BY', 'Belarus, Republic of', 'EU'),
	('BZ', 'Belize', 'NA'),
	('CA', 'Canada', 'NA'),
	('CC', 'Cocos (Keeling) Islands', 'AS'),
	('CD', 'Congo, Democratic Republic of the', 'AF'),
	('CF', 'Central African Republic', 'AF'),
	('CG', 'Congo, Republic of the', 'AF'),
	('CH', 'Switzerland, Swiss Confederation', 'EU'),
	('CI', 'Cote d\'Ivoire, Republic of', 'AF'),
	('CK', 'Cook Islands', 'OC'),
	('CL', 'Chile, Republic of', 'SA'),
	('CM', 'Cameroon, Republic of', 'AF'),
	('CN', 'China, People\'s Republic of', 'AS'),
	('CO', 'Colombia, Republic of', 'SA'),
	('CR', 'Costa Rica, Republic of', 'NA'),
	('CU', 'Cuba, Republic of', 'NA'),
	('CV', 'Cape Verde, Republic of', 'AF'),
	('CW', 'Cura?ao', 'NA'),
	('CX', 'Christmas Island', 'AS'),
	('CY', 'Cyprus, Republic of', 'EU'),
	('CZ', 'Czech Republic', 'EU'),
	('DE', 'Germany, Federal Republic of', 'EU'),
	('DJ', 'Djibouti, Republic of', 'AF'),
	('DK', 'Denmark, Kingdom of', 'EU'),
	('DM', 'Dominica, Commonwealth of', 'NA'),
	('DO', 'Dominican Republic', 'NA'),
	('DZ', 'Algeria, People\'s Democratic Republic of', 'AF'),
	('EC', 'Ecuador, Republic of', 'SA'),
	('EE', 'Estonia, Republic of', 'EU'),
	('EG', 'Egypt, Arab Republic of', 'AF'),
	('EH', 'Western Sahara', 'AF'),
	('ER', 'Eritrea, State of', 'AF'),
	('ES', 'Spain, Kingdom of', 'EU'),
	('ET', 'Ethiopia, Federal Democratic Republic of', 'AF'),
	('FI', 'Finland, Republic of', 'EU'),
	('FJ', 'Fiji, Republic of the Fiji Islands', 'OC'),
	('FK', 'Falkland Islands (Malvinas)', 'SA'),
	('FM', 'Micronesia, Federated States of', 'OC'),
	('FO', 'Faroe Islands', 'EU'),
	('FR', 'France, French Republic', 'EU'),
	('GA', 'Gabon, Gabonese Republic', 'AF'),
	('GB', 'United Kingdom of Great Britain & Northern Ireland', 'EU'),
	('GD', 'Grenada', 'NA'),
	('GE', 'Georgia', 'EU'),
	('GF', 'French Guiana', 'SA'),
	('GG', 'Guernsey, Bailiwick of', 'EU'),
	('GH', 'Ghana, Republic of', 'AF'),
	('GI', 'Gibraltar', 'EU'),
	('GL', 'Greenland', 'NA'),
	('GM', 'Gambia, Republic of the', 'AF'),
	('GN', 'Guinea, Republic of', 'AF'),
	('GP', 'Guadeloupe', 'NA'),
	('GQ', 'Equatorial Guinea, Republic of', 'AF'),
	('GR', 'Greece, Hellenic Republic', 'EU'),
	('GS', 'South Georgia and the South Sandwich Islands', 'AN'),
	('GT', 'Guatemala, Republic of', 'NA'),
	('GU', 'Guam', 'OC'),
	('GW', 'Guinea-Bissau, Republic of', 'AF'),
	('GY', 'Guyana, Co-operative Republic of', 'SA'),
	('HK', 'Hong Kong, Special Administrative Region of China', 'AS'),
	('HM', 'Heard Island and McDonald Islands', 'AN'),
	('HN', 'Honduras, Republic of', 'NA'),
	('HR', 'Croatia, Republic of', 'EU'),
	('HT', 'Haiti, Republic of', 'NA'),
	('HU', 'Hungary, Republic of', 'EU'),
	('ID', 'Indonesia, Republic of', 'AS'),
	('IE', 'Ireland', 'EU'),
	('IL', 'Israel, State of', 'AS'),
	('IM', 'Isle of Man', 'EU'),
	('IN', 'India, Republic of', 'AS'),
	('IO', 'British Indian Ocean Territory (Chagos Archipelago)', 'AS'),
	('IQ', 'Iraq, Republic of', 'AS'),
	('IR', 'Iran, Islamic Republic of', 'AS'),
	('IS', 'Iceland, Republic of', 'EU'),
	('IT', 'Italy, Italian Republic', 'EU'),
	('JE', 'Jersey, Bailiwick of', 'EU'),
	('JM', 'Jamaica', 'NA'),
	('JO', 'Jordan, Hashemite Kingdom of', 'AS'),
	('JP', 'Japan', 'AS'),
	('KE', 'Kenya, Republic of', 'AF'),
	('KG', 'Kyrgyz Republic', 'AS'),
	('KH', 'Cambodia, Kingdom of', 'AS'),
	('KI', 'Kiribati, Republic of', 'OC'),
	('KM', 'Comoros, Union of the', 'AF'),
	('KN', 'Saint Kitts and Nevis, Federation of', 'NA'),
	('KP', 'Korea, Democratic People\'s Republic of', 'AS'),
	('KR', 'Korea, Republic of', 'AS'),
	('KW', 'Kuwait, State of', 'AS'),
	('KY', 'Cayman Islands', 'NA'),
	('KZ', 'Kazakhstan, Republic of', 'EU'),
	('LA', 'Lao People\'s Democratic Republic', 'AS'),
	('LB', 'Lebanon, Lebanese Republic', 'AS'),
	('LC', 'Saint Lucia', 'NA'),
	('LI', 'Liechtenstein, Principality of', 'EU'),
	('LK', 'Sri Lanka, Democratic Socialist Republic of', 'AS'),
	('LR', 'Liberia, Republic of', 'AF'),
	('LS', 'Lesotho, Kingdom of', 'AF'),
	('LT', 'Lithuania, Republic of', 'EU'),
	('LU', 'Luxembourg, Grand Duchy of', 'EU'),
	('LV', 'Latvia, Republic of', 'EU'),
	('LY', 'Libyan Arab Jamahiriya', 'AF'),
	('MA', 'Morocco, Kingdom of', 'AF'),
	('MC', 'Monaco, Principality of', 'EU'),
	('MD', 'Moldova, Republic of', 'EU'),
	('ME', 'Montenegro, Republic of', 'EU'),
	('MF', 'Saint Martin', 'NA'),
	('MG', 'Madagascar, Republic of', 'AF'),
	('MH', 'Marshall Islands, Republic of the', 'OC'),
	('MK', 'Macedonia, The Former Yugoslav Republic of', 'EU'),
	('ML', 'Mali, Republic of', 'AF'),
	('MM', 'Myanmar, Union of', 'AS'),
	('MN', 'Mongolia', 'AS'),
	('MO', 'Macao, Special Administrative Region of China', 'AS'),
	('MP', 'Northern Mariana Islands, Commonwealth of the', 'OC'),
	('MQ', 'Martinique', 'NA'),
	('MR', 'Mauritania, Islamic Republic of', 'AF'),
	('MS', 'Montserrat', 'NA'),
	('MT', 'Malta, Republic of', 'EU'),
	('MU', 'Mauritius, Republic of', 'AF'),
	('MV', 'Maldives, Republic of', 'AS'),
	('MW', 'Malawi, Republic of', 'AF'),
	('MX', 'Mexico, United Mexican States', 'NA'),
	('MY', 'Malaysia', 'AS'),
	('MZ', 'Mozambique, Republic of', 'AF'),
	('NA', 'Namibia, Republic of', 'AF'),
	('NC', 'New Caledonia', 'OC'),
	('NE', 'Niger, Republic of', 'AF'),
	('NF', 'Norfolk Island', 'OC'),
	('NG', 'Nigeria, Federal Republic of', 'AF'),
	('NI', 'Nicaragua, Republic of', 'NA'),
	('NL', 'Netherlands, Kingdom of the', 'EU'),
	('NO', 'Norway, Kingdom of', 'EU'),
	('NP', 'Nepal, State of', 'AS'),
	('NR', 'Nauru, Republic of', 'OC'),
	('NU', 'Niue', 'OC'),
	('NZ', 'New Zealand', 'OC'),
	('OM', 'Oman, Sultanate of', 'AS'),
	('PA', 'Panama, Republic of', 'NA'),
	('PE', 'Peru, Republic of', 'SA'),
	('PF', 'French Polynesia', 'OC'),
	('PG', 'Papua New Guinea, Independent State of', 'OC'),
	('PH', 'Philippines, Republic of the', 'AS'),
	('PK', 'Pakistan, Islamic Republic of', 'AS'),
	('PL', 'Poland, Republic of', 'EU'),
	('PM', 'Saint Pierre and Miquelon', 'NA'),
	('PN', 'Pitcairn Islands', 'OC'),
	('PR', 'Puerto Rico, Commonwealth of', 'NA'),
	('PS', 'Palestinian Territory, Occupied', 'AS'),
	('PT', 'Portugal, Portuguese Republic', 'EU'),
	('PW', 'Palau, Republic of', 'OC'),
	('PY', 'Paraguay, Republic of', 'SA'),
	('QA', 'Qatar, State of', 'AS'),
	('RE', 'Reunion', 'AF'),
	('RO', 'Romania', 'EU'),
	('RS', 'Serbia, Republic of', 'EU'),
	('RU', 'Russian Federation', 'EU'),
	('RW', 'Rwanda, Republic of', 'AF'),
	('SA', 'Saudi Arabia, Kingdom of', 'AS'),
	('SB', 'Solomon Islands', 'OC'),
	('SC', 'Seychelles, Republic of', 'AF'),
	('SD', 'Sudan, Republic of', 'AF'),
	('SE', 'Sweden, Kingdom of', 'EU'),
	('SG', 'Singapore, Republic of', 'AS'),
	('SH', 'Saint Helena', 'AF'),
	('SI', 'Slovenia, Republic of', 'EU'),
	('SJ', 'Svalbard & Jan Mayen Islands', 'EU'),
	('SK', 'Slovakia (Slovak Republic)', 'EU'),
	('SL', 'Sierra Leone, Republic of', 'AF'),
	('SM', 'San Marino, Republic of', 'EU'),
	('SN', 'Senegal, Republic of', 'AF'),
	('SO', 'Somalia, Somali Republic', 'AF'),
	('SR', 'Suriname, Republic of', 'SA'),
	('SS', 'South Sudan', 'AF'),
	('ST', 'Sao Tome and Principe, Democratic Republic of', 'AF'),
	('SV', 'El Salvador, Republic of', 'NA'),
	('SX', 'Sint Maarten (Netherlands)', 'NA'),
	('SY', 'Syrian Arab Republic', 'AS'),
	('SZ', 'Swaziland, Kingdom of', 'AF'),
	('TC', 'Turks and Caicos Islands', 'NA'),
	('TD', 'Chad, Republic of', 'AF'),
	('TF', 'French Southern Territories', 'AN'),
	('TG', 'Togo, Togolese Republic', 'AF'),
	('TH', 'Thailand, Kingdom of', 'AS'),
	('TJ', 'Tajikistan, Republic of', 'AS'),
	('TK', 'Tokelau', 'OC'),
	('TL', 'Timor-Leste, Democratic Republic of', 'AS'),
	('TM', 'Turkmenistan', 'AS'),
	('TN', 'Tunisia, Tunisian Republic', 'AF'),
	('TO', 'Tonga, Kingdom of', 'OC'),
	('TR', 'Turkey, Republic of', 'EU'),
	('TT', 'Trinidad and Tobago, Republic of', 'NA'),
	('TV', 'Tuvalu', 'OC'),
	('TW', 'Taiwan', 'AS'),
	('TZ', 'Tanzania, United Republic of', 'AF'),
	('UA', 'Ukraine', 'EU'),
	('UG', 'Uganda, Republic of', 'AF'),
	('UM', 'United States Minor Outlying Islands', 'OC'),
	('US', 'United States of America', 'NA'),
	('UY', 'Uruguay, Eastern Republic of', 'SA'),
	('UZ', 'Uzbekistan, Republic of', 'AS'),
	('VA', 'Holy See (Vatican City State)', 'EU'),
	('VC', 'Saint Vincent and the Grenadines', 'NA'),
	('VE', 'Venezuela, Bolivarian Republic of', 'SA'),
	('VG', 'British Virgin Islands', 'NA'),
	('VI', 'United States Virgin Islands', 'NA'),
	('VN', 'Vietnam, Socialist Republic of', 'AS'),
	('VU', 'Vanuatu, Republic of', 'OC'),
	('WF', 'Wallis and Futuna', 'OC'),
	('WS', 'Samoa, Independent State of', 'OC'),
	('YE', 'Yemen', 'AS'),
	('YT', 'Mayotte', 'AF'),
	('ZA', 'South Africa, Republic of', 'AF'),
	('ZM', 'Zambia, Republic of', 'AF'),
	('ZW', 'Zimbabwe, Republic of', 'AF');
/*!40000 ALTER TABLE `tb_country` ENABLE KEYS */;

-- 테이블 serenity.tb_tenant 구조 내보내기
DROP TABLE IF EXISTS `tb_tenant`;
CREATE TABLE IF NOT EXISTS `tb_tenant` (
  `id` varchar(36) NOT NULL,
  `name` varchar(64) NOT NULL,
  `type` int NOT NULL DEFAULT '1',
  `description` varchar(255) DEFAULT NULL,
  `jdbc_host` varchar(255) DEFAULT NULL,
  `jdbc_user` varchar(32) DEFAULT NULL,
  `jdbc_pass` varchar(32) DEFAULT NULL,
  `country_id` varchar(32) NOT NULL,
  `host_url` varchar(255) DEFAULT NULL,
  `enable` tinyint(1) NOT NULL DEFAULT '1',
  `reg_datetime` datetime NOT NULL DEFAULT CURRENT_TIMESTAMP,
  `mod_datetime` datetime NOT NULL DEFAULT CURRENT_TIMESTAMP,
  PRIMARY KEY (`id`),
  UNIQUE KEY `tenant_id_uindex` (`id`),
  UNIQUE KEY `tenant_name_country_uindex` (`name`,`country_id`)
) ENGINE=InnoDB DEFAULT CHARSET=utf8mb4 COLLATE=utf8mb4_0900_ai_ci COMMENT='tenant table';

-- 테이블 데이터 serenity.tb_tenant:~27 rows (대략적) 내보내기
/*!40000 ALTER TABLE `tb_tenant` DISABLE KEYS */;
INSERT INTO `tb_tenant` (`id`, `name`, `type`, `description`, `jdbc_host`, `jdbc_user`, `jdbc_pass`, `country_id`, `host_url`, `enable`, `reg_datetime`, `mod_datetime`) VALUES
	('63d8047f-b0ca-11ec-b667-a4b1c1b53d1b', 'Dyson', 1, 'Dyson', NULL, NULL, NULL, 'SG', 'https://ds0124.emoldino.com/', 1, '2022-03-31 17:45:07', '2022-03-31 17:45:39'),
	('63d80863-b0ca-11ec-b667-a4b1c1b53d1b', 'ABB', 1, 'ABB Italy', NULL, NULL, NULL, 'IT', 'http://18.221.152.61/', 0, '2022-03-31 17:45:07', '2022-03-31 17:45:39'),
	('63d80953-b0ca-11ec-b667-a4b1c1b53d1b', 'ABB', 1, 'ABB Germany', NULL, NULL, NULL, 'DE', 'http://ag0513.emoldino.com/', 1, '2022-03-31 17:45:07', '2022-03-31 17:45:39'),
	('63d809cc-b0ca-11ec-b667-a4b1c1b53d1b', 'ABB', 1, 'ABB China', NULL, NULL, NULL, 'CN', 'http://47.98.59.87/', 1, '2022-03-31 17:45:07', '2022-03-31 17:45:39'),
	('63d80a3e-b0ca-11ec-b667-a4b1c1b53d1b', 'BD', 1, 'BD Mexico', NULL, NULL, NULL, 'MX', 'http://3.18.124.254/', 0, '2022-03-31 17:45:07', '2022-03-31 17:45:39'),
	('63d80b08-b0ca-11ec-b667-a4b1c1b53d1b', 'Philips', 1, 'Philips Indonisia', NULL, NULL, NULL, 'ID', 'http://18.189.137.58/', 0, '2022-03-31 17:45:07', '2022-03-31 17:45:39'),
	('63d80ba5-b0ca-11ec-b667-a4b1c1b53d1b', 'Schaeffler', 1, 'Schaeffler Germany', NULL, NULL, NULL, 'DE', 'http://sg0527.emoldino.com/', 1, '2022-03-31 17:45:07', '2022-03-31 17:45:39'),
	('63d80c42-b0ca-11ec-b667-a4b1c1b53d1b', 'P&G', 1, 'P&G Switzerland', NULL, NULL, NULL, 'CH', 'https://ps0611.emoldino.com/', 1, '2022-03-31 17:45:07', '2022-03-31 17:45:39'),
	('63d80d2e-b0ca-11ec-b667-a4b1c1b53d1b', 'Denso', 1, 'Denso Italy', NULL, NULL, NULL, 'IT', 'https://fc0616.emoldino.com/', 1, '2022-03-31 17:45:07', '2022-03-31 17:45:39'),
	('63d80df5-b0ca-11ec-b667-a4b1c1b53d1b', 'Beiersdorf', 1, 'Beiersdorf Germany', NULL, NULL, NULL, 'DE', 'https://bg0824.emoldino.com/', 1, '2022-03-31 17:45:07', '2022-03-31 17:45:39'),
	('63d80e5e-b0ca-11ec-b667-a4b1c1b53d1b', 'SBD', 1, 'SBD India', NULL, NULL, NULL, 'IN', 'https://su0901.emoldino.com/', 1, '2022-03-31 17:45:07', '2022-03-31 17:45:39'),
	('63d80ec3-b0ca-11ec-b667-a4b1c1b53d1b', 'De\'Longhi', 1, 'De\'Longhi Italy', NULL, NULL, NULL, 'IT', 'https://di0402.emoldino.com/', 1, '2022-03-31 17:45:07', '2022-03-31 17:45:39'),
	('63d80f2f-b0ca-11ec-b667-a4b1c1b53d1b', 'Nestle', 1, 'Nestle Switerland', NULL, NULL, NULL, 'CH', 'https://ns0407.emoldino.com/', 1, '2022-03-31 17:45:07', '2022-03-31 17:45:39'),
	('63d80f99-b0ca-11ec-b667-a4b1c1b53d1b', 'Philips', 1, 'Philips Romania', NULL, NULL, NULL, 'RO', 'https://pr0202.emoldino.com/', 1, '2022-03-31 17:45:07', '2022-03-31 17:45:39'),
	('63d8100a-b0ca-11ec-b667-a4b1c1b53d1b', 'L\'Oreal', 1, 'L\'Oreal France', NULL, NULL, NULL, 'FR', 'https://lf0408.emoldino.com/', 1, '2022-03-31 17:45:07', '2022-03-31 17:45:39'),
	('63d81073-b0ca-11ec-b667-a4b1c1b53d1b', 'Continental', 1, 'Continental Brazil', NULL, NULL, NULL, 'BR', 'https://cb0413.emoldino.com/', 1, '2022-03-31 17:45:07', '2022-03-31 17:45:39'),
	('63d810f9-b0ca-11ec-b667-a4b1c1b53d1b', 'Megatech-industries', 1, 'Megatech-industries Cezch', NULL, NULL, NULL, 'CZ', 'https://ml0421.emoldino.com/', 1, '2022-03-31 17:45:07', '2022-03-31 17:45:39'),
	('63d81180-b0ca-11ec-b667-a4b1c1b53d1b', 'Mabe', 1, 'Mabe Mexico', NULL, NULL, NULL, 'MX', 'https://mm0427.emoldino.com/', 1, '2022-03-31 17:45:07', '2022-03-31 17:45:39'),
	('63d811ee-b0ca-11ec-b667-a4b1c1b53d1b', 'Volvo', 1, 'Volvo France', NULL, NULL, NULL, 'FR', 'https://vf0616.emoldino.com/', 1, '2022-03-31 17:45:07', '2022-03-31 17:45:39'),
	('63d81259-b0ca-11ec-b667-a4b1c1b53d1b', 'Electrolux', 1, 'Electrolux Brazil', NULL, NULL, NULL, 'BR', 'https://eb0702.emoldino.com/', 1, '2022-03-31 17:45:07', '2022-03-31 17:45:39'),
	('63d8147b-b0ca-11ec-b667-a4b1c1b53d1b', 'Boticario', 1, 'Boticario Brazil', NULL, NULL, NULL, 'BR', 'https://bb0703.emoldino.com/', 1, '2022-03-31 17:45:07', '2022-03-31 17:45:39'),
	('63d8157f-b0ca-11ec-b667-a4b1c1b53d1b', 'Eaton', 1, 'Eaton Puerto Rico', NULL, NULL, NULL, 'PR', 'https://ep1111.emoldino.com/', 1, '2022-03-31 17:45:07', '2022-03-31 17:45:39'),
	('63d8166a-b0ca-11ec-b667-a4b1c1b53d1b', 'Foehl', 1, 'Foehl China', NULL, NULL, NULL, 'CN', 'http://47.111.178.125/l', 0, '2022-03-31 17:45:07', '2022-03-31 17:45:39'),
	('63d81733-b0ca-11ec-b667-a4b1c1b53d1b', 'Zebra', 1, 'Zebra China', NULL, NULL, NULL, 'CN', 'http://114.55.66.143/', 1, '2022-03-31 17:45:07', '2022-03-31 17:45:39'),
	('63d81831-b0ca-11ec-b667-a4b1c1b53d1b', 'ICEE', 1, 'ICEE', NULL, NULL, NULL, 'US', 'http://49.247.200.147:81/', 1, '2022-03-31 17:45:07', '2022-03-31 17:45:39'),
	('63d8193e-b0ca-11ec-b667-a4b1c1b53d1b', 'Dana', 1, 'Dana', NULL, NULL, NULL, 'US', 'http://49.247.200.147:82/', 1, '2022-03-31 17:45:07', '2022-03-31 17:45:39'),
	('63d81a13-b0ca-11ec-b667-a4b1c1b53d1b', 'Unilever', 1, 'Unilever', NULL, NULL, NULL, 'GB', 'http://49.247.200.147:85/', 1, '2022-03-31 17:45:07', '2022-03-31 17:45:39');
/*!40000 ALTER TABLE `tb_tenant` ENABLE KEYS */;

/*!40101 SET SQL_MODE=IFNULL(@OLD_SQL_MODE, '') */;
/*!40014 SET FOREIGN_KEY_CHECKS=IFNULL(@OLD_FOREIGN_KEY_CHECKS, 1) */;
/*!40101 SET CHARACTER_SET_CLIENT=@OLD_CHARACTER_SET_CLIENT */;
/*!40111 SET SQL_NOTES=IFNULL(@OLD_SQL_NOTES, 1) */;
